case,mode,correctness,coverage,evidence_quality,task_focus,actionability,caveats,content_score_0_5,content_score_0_100,judge_summary,strengths,weaknesses,judged_in_pass,mode_short,case_class,prompt_style,run_status,agent_ok,validation_ok,hard_pass_rate,soft_pass_rate,answer_words,estimated_cost_usd,agent_elapsed_s,setup_elapsed_s,total_elapsed_s_incl_setup,total_tokens,input_tokens,cached_input_tokens,output_tokens,reasoning_output_tokens,cache_hit_rate,tool_call_count_normalized,crg_tool_call_count,graphify_shell_call_count,code_review_graph_shell_call_count,uvx_crg_shell_call_count,content_rank,quality_per_dollar,quality_per_total_minute,cost_per_quality_point,time_per_quality_point_s,previous_content_score_0_100,strict_content_score_0_100,strict_content_score_0_5,strict_correctness,strict_coverage,strict_evidence_quality,strict_task_focus,strict_actionability,strict_caveats,strict_judge_summary,strict_strengths,strict_weaknesses,score_delta_vs_previous,case_weight,score_gap_to_best,cost_ratio_to_case_min,time_ratio_to_case_min,burden_index,strict_balanced_score_0_100,strict_quality_per_dollar,strict_quality_per_total_minute,strict_cost_per_quality_point,strict_time_per_quality_point_s,score_gap_to_best_prompt_time,prompt_time_ratio_to_case_min,prompt_burden_index,prompt_time_balanced_score_0_100,quality_per_prompt_minute,prompt_time_per_quality_point_s,setup_time_s_reported_separately
admin-product-edit-field,base-only,4.8,5.0,4.5,4.7,4.8,4.6,4.755000000000001,80,Most complete answer for the everyday case. It covers the complete MVC/model/mapping/persistence path and gives practical guidance on when each file needs modification.,"Excellent implementation map; includes exact UI examples, mapper direction, service behavior, schema builder, migration, localization, validator; strong actionability.","Uses shortened display paths in links, which harms deterministic validation even though content is clear; slightly long for a “concise candidate paths” request.",2,base,everyday,neutral,validation_failed,True,False,0.8,0.125,731,0.841569,111.275,0.0,111.275,487222,482667,379648,4555,758,0.7865629927051155,28,0,0,0,0,2.0,113.0032118578512,51.27836441249157,0.0088493059936908,1.1700841219768665,95.1,80,4.0,4.02,4.11,3.89,3.98,4.02,3.93,"Strong implementation map, but stricter grading penalizes breadth, shortened paths, and lack of crisp source-verified next-step sequencing.",Covers controller/model/factory/view/domain/persistence path and gives usable implementation guidance.,Too broad for candidate-path task; deterministic source path formatting issues; not enough separation between confirmed files and inferred follow-ups.,-15.099999999999994,0.2333333333333333,3,1.145051036652235,1.0,1.0725255183261175,78.80494896334777,95.06053573741428,43.13637384857335,0.0105196125,1.3909375000000002,3,1.0175202772519867,1.0812856569521108,78.78742868609578,43.13637384857335,1.3909375000000002,0.0
admin-product-edit-field,base-default-graphify,4.8,5.0,4.8,4.7,4.8,4.6,4.815,83,"Excellent default-Graphify feature-localization answer. It maps controller, model, factory, views, mapper, domain entity, persistence, validation, localization, and migrations with direct source evidence.",Very complete end-to-end implementation map; excellent file/path evidence; useful supporting-file guidance.,Slightly broad for a concise candidate-list task; caveats are implicit rather than explicitly separated.,replacement_default_graphify,graphify,everyday,neutral,validation_failed,True,False,0.8666666666666667,0.0,813,0.932347,136.177,82.869,219.046,429453,424643,296704,4810,639,0.6987139785655244,58,0,8,0,0,1.0,103.28772442019977,26.378021054938227,0.0096816926272066,2.2746209761163034,96.29999999999998,83,4.15,4.14,4.23,4.14,4.1,4.14,4.05,"Best strict answer for this case: complete and practical, but still not a near-perfect artifact because it is broad and caveats are implicit.",Very complete MVC/admin-field map with good file evidence and supporting implementation path.,Over-complete for the prompt; could be tighter and explicitly mark optional vs mandatory files.,-13.299999999999985,0.2333333333333333,0,1.2685649053964696,1.9685104470905408,1.6185376762435055,81.76292464751299,89.02264929259171,22.73495064963524,0.0112330963855421,2.63910843373494,0,1.2452290163589645,1.2568969608777172,82.48620607824456,36.57005221146009,1.6406867469879518,82.869
admin-product-edit-field,base-default-code-review-graph,4.5,4.5,4.5,4.4,4.4,4.2,4.46,70,"Strong answer covering all required files and most adjacent concerns. More compact than the best answers, but still usable for implementation planning.","Covers controller, model, factory, mapper, create/edit views, info partial, domain entity, service, schema builder, migrations, resources.",Slightly thinner on specific examples of existing fields and UI binding; less explicit next-step guidance than top answers.,2,crg,everyday,neutral,validation_failed,True,False,0.8,0.125,577,0.734962,109.359,25.551,134.91,417390,412994,324864,4396,981,0.7866070693520971,38,6,0,2,0,4.0,121.36681896479,39.670891705581504,0.0082394843049327,1.5124439461883408,89.2,70,3.5,3.52,3.52,3.52,3.47,3.47,3.38,"Usable but clearly weaker than base/Graphify under stricter grading: it covers the main path, but with thinner implementation specificity.",Finds required files and most adjacent components.,"Less concrete on existing field examples, UI binding, and exact implementation sequence; weaker developer handoff.",-19.200000000000003,0.2333333333333333,13,1.0,1.2124017074814648,1.1062008537407324,65.23759829251854,95.24301936698768,31.1318656882366,0.0104994571428571,1.9272857142857145,13,1.0,1.0,65.45,38.40561819328999,1.5622714285714285,25.551
admin-product-edit-field,base-default-graphify-code-review-graph,4.6,4.8,4.7,4.5,4.6,4.3,4.629999999999999,76,"Very strong source-backed map of controller, model, factory, views, mapper, domain entity, persistence, migration, localization, and validation. Slightly broad for a concise candidate-list task, but still highly usable.","Excellent end-to-end path; includes mapper, persistence, migration, resources, validator; precise file/line evidence.",Slightly more exhaustive than necessary; migration/version guidance is plausible but should be treated as an example rather than a definitive target.,2,graphify+crg,everyday,neutral,validation_failed,True,False,0.8125,0.2222222222222222,635,0.793791,123.214,109.587,232.801,698608,693129,630272,5479,1379,0.9093141392150668,26,0,6,2,0,3.0,116.6553916585096,23.8658768647901,0.0085722570194384,2.514049676025918,92.6,76,3.8,3.79,3.88,3.83,3.74,3.79,3.65,"Good but not efficient or crisp: it maps the area well, but strict grading penalizes over-breadth and some plausible-but-not-proven migration/version guidance.",Broad end-to-end coverage with controller/model/factory/view/persistence guidance.,Too exhaustive; some guidance reads inferred rather than source-demonstrated; not better than Graphify alone.,-16.599999999999994,0.2333333333333333,7,1.0800435940905788,2.0921231184003592,1.586083356245469,72.37783328750906,95.74308602642256,19.58754472704155,0.0104446184210526,3.0631710526315787,7,1.1266928190638175,1.1033682065771981,73.3432635868456,37.00878146963819,1.6212368421052632,109.587
admin-permissions,base-only,4.8,4.8,4.8,4.7,4.6,4.6,4.754999999999999,78,"Excellent explanation of the two-layer admin permission flow, covering admin-area access, action-specific permissions, service authorization, role mappings, registration, and management UI.","Clear two-gate request model; strong source-backed coverage of AuthorizeAdminAttribute, CheckPermissionAttribute, PermissionService, permission records, default config, startup insertion, and SecurityController management.","Slightly less compact than necessary and could include one more concrete non-product controller example, but the answer is immediately usable.",3,base,everyday,neutral,completed,True,True,1.0,0.2,900,0.940181,159.265,0.0,159.265,586762,581167,474112,5595,1270,0.815793050878663,26,0,0,0,0,3.0,101.15073586894438,35.82708065174395,0.0098862355415352,1.6747108307045215,95.1,78,3.9,3.92,3.92,3.92,3.88,3.83,3.83,"Solid answer, but stricter grading lowers it because it is explanatory rather than a concise implementation-ready path.",Explains admin authorization layers and key permission components.,Could better prioritize exact files/actions for adding/checking a permission; somewhat verbose.,-17.099999999999994,0.2333333333333333,6,1.0,1.0,1.0,75.9,82.96274866222568,29.38498728534204,0.0120536025641025,2.0418589743589743,6,1.2356277251074526,1.1178138625537262,75.66437227489256,29.38498728534204,2.0418589743589743,0.0
admin-permissions,base-default-graphify,4.9,4.9,4.9,4.8,4.7,4.6,4.8500000000000005,84,"Excellent default-Graphify permission-flow answer. It explains the two-layer admin authorization model, the inherited admin-area gate, action-level CheckPermission behavior, PermissionService role checks, permission records/config registration, startup insertion, and plugin extension path with dense source evidence.","Very strong coverage and evidence; especially clear on OR semantics in CheckPermissionAttribute, role-to-permission mapping, PermissionConfig/DefaultPermissionConfigManager, startup insertion, and plugin permission managers.","Less explicit on the admin UI for managing mappings and less framed as a step-by-step “how to add a permission” handoff, but the task asked for explanation rather than implementation.",replacement_default_graphify,graphify,everyday,neutral,completed,True,True,1.0,0.4,999,1.24642,128.894,91.811,220.705,759814,754208,598400,5606,300,0.7934150791293648,70,0,8,0,0,1.0,77.82288474190081,26.370041458054875,0.0128496907216494,2.275309278350515,97.0,84,4.2,4.22,4.22,4.22,4.18,4.13,4.09,"Strongest strict answer for permissions: clear architecture and permission-flow evidence, though still not flawless as a step-by-step change guide.","Excellent coverage of authorization attributes, OR semantics, permission service/records, and registration flow.",Less explicit on admin UI management and concrete add-new-permission checklist.,-13.0,0.2333333333333333,0,1.3257234511227094,1.38577214077167,1.3557477959471895,83.28850440810562,67.3930135909244,22.835912190480503,0.0148383333333333,2.6274404761904764,0,1.0,1.1628617255613547,83.67427654887729,39.10189768336773,1.5344523809523811,91.811
admin-permissions,base-default-code-review-graph,4.8,4.9,4.8,4.6,4.6,4.6,4.76,79,"Very complete source-backed map of admin authorization, including inherited admin access, action permissions, service/data model, plugin permission managers, and startup registration.","Broadest structural coverage; includes plugin admin-controller note, denial behavior, cached authorization, permission definitions, startup insertion, and role-management controller.",Slightly more verbose and less crisp than the best concise answer; the practical “how to add/check a permission” handoff could be sharper.,3,crg,everyday,neutral,completed,True,True,1.0,0.2,1005,1.080953,150.858,24.238,175.096,806561,800173,691456,6388,1291,0.8641331312103757,34,2,0,2,0,2.0,88.0704341446853,32.62210444556129,0.0113545483193277,1.839243697478992,95.2,79,3.95,3.97,4.01,3.97,3.88,3.88,3.88,"Very usable but not presentation-perfect: broad structural coverage, but less crisp as a workflow handoff.","Broad permission structure, plugin/admin notes, authorization behavior, service details.",Verbose; weaker concrete “do this next” guidance; risks overwhelming a daily-workflow user.,-16.200000000000003,0.2333333333333333,5,1.1497286160856262,1.099400370451763,1.124564493268695,77.00087101346261,73.08365858645102,27.070863983186364,0.0136829493670886,2.2164050632911394,5,1.1704035874439462,1.1600661017647862,76.92986779647043,31.420276021158973,1.9095949367088607,24.238
admin-permissions,base-default-graphify-code-review-graph,4.6,4.6,4.6,4.5,4.4,4.4,4.555,68,"Solid explanation of the same permission flow, but a bit less complete and less actionable than the stronger permission answers.","Covers the main layers, attributes, service, records, StandardPermission, startup registration, plugins, and SecurityController management with source links.",Uses fewer concrete examples and less implementation guidance; evidence is adequate but not as granular; somewhat compressed for the requested exploration.,3,graphify+crg,everyday,neutral,completed,True,True,1.0,0.3333333333333333,807,1.144228,146.597,106.74,253.337,756641,750410,621056,6231,1647,0.8276222331791954,28,2,8,2,0,4.0,79.61699940920865,21.576003505212423,0.0125601317233809,2.780867178924259,91.1,68,3.4,3.42,3.42,3.42,3.38,3.33,3.33,"Acceptable but noticeably behind: main layers are present, but it lacks enough concrete examples and implementation guidance for a high score.","Covers attributes, service, records, startup, and management areas.",Too generic in places; less evidence and less actionable than other modes.,-23.099999999999994,0.2333333333333333,16,1.2170294868753995,1.590663359809123,1.4038464233422614,61.59230715331548,59.42871525605037,16.105030058775466,0.0168268823529411,3.7255441176470585,16,1.137345415612829,1.1771874512441143,62.04562509751177,27.831401734005468,2.1558382352941177,106.74
inactive-customers-csv,base-only,4.9,4.9,4.8,4.7,4.9,4.7,4.840000000000001,79,"Excellent feature-localization answer for an inactive customer CSV export, with a complete controller/search/factory/service/export/view/response path.","Identifies CustomerController, CustomerSearchModel, CustomerModelFactory, ICustomerService, IExportManager/ExportManager, List.cshtml, MimeTypes.TextCsv, and the inactive-vs-disabled semantic distinction.","Slightly long, and the CSV formatter recommendation could more explicitly mention reusing a robust helper/library rather than the newsletter formatter pattern.",3,base,everyday,neutral,completed,True,True,1.0,0.4,754,0.940622,155.79,0.0,155.79,611428,605818,501504,5610,1299,0.8278129735333054,32,0,0,0,0,2.0,102.9106272232629,37.28095513190834,0.0097171694214876,1.609400826446281,96.8,79,3.95,3.98,3.98,3.93,3.89,3.98,3.89,"Strong and usable, but strict scoring penalizes length and incomplete UI/localization specificity.",Good controller/search model/service/export path; useful inactivity semantics.,Long; should more clearly distinguish query/filter/export/UI changes and exact CSV precedent.,-17.799999999999997,0.2333333333333333,4,1.5120425278136336,1.0,1.256021263906817,77.08795747218636,83.98697882890258,30.425572886578088,0.0119066075949367,1.972025316455696,4,1.5292720276425318,1.5206572777280827,76.55868544454383,30.425572886578088,1.972025316455696,0.0
inactive-customers-csv,base-default-graphify,4.9,4.9,4.8,4.8,4.8,4.8,4.85,83,Excellent everyday export-path answer. It identifies controller/search model/factory/service/export manager/CSV response precedent and clearly distinguishes disabled customers from last-activity inactivity.,Strong implementation path; particularly good inactive-definition nuance and CSV precedent; concise and actionable.,"Could mention view/button placement and localization slightly more explicitly, but the core workflow is very strong.",replacement_default_graphify,graphify,everyday,neutral,completed,True,True,1.0,0.25,494,0.8213029999999999,101.872,88.384,190.256,491958,488101,385536,3857,413,0.7898693098354643,64,0,6,0,0,1.0,118.10501118344877,30.59036245900261,0.0084670412371134,1.96140206185567,97.0,83,4.15,4.17,4.17,4.13,4.13,4.13,4.13,"Best strict answer: gives a strong everyday export implementation path with useful nuance, but still leaves a few UI/localization details underdeveloped.","Clear path through controller, search model, factory/service/export manager; good inactive-definition discussion.",Could be more explicit on button placement/localization and exact CSV formatter reuse.,-14.0,0.2333333333333333,0,1.320238166044299,1.22123371204827,1.2707359390462845,82.45852812190743,101.05892709511596,26.175258598940378,0.0098952168674698,2.2922409638554218,0,1.0,1.1601190830221495,82.6797618339557,48.88487513742736,1.2273734939759036,88.384
inactive-customers-csv,base-default-code-review-graph,4.8,4.8,4.8,4.7,4.7,4.7,4.77,75,"Strong and practical CSV export localization answer, especially around inactivity semantics and export consistency.","Covers controller/list view, search model, last-activity semantics, CustomerService query behavior, IExportManager/ExportManager, MimeTypes.TextCsv, and warns not to copy incomplete existing export filters.",Slightly less complete on UI binding and controller action details than the best answer; actionability is high but more compact.,3,crg,everyday,neutral,completed,True,True,1.0,0.0,819,0.6220870000000001,134.635,24.666,159.301,404183,399587,336384,4596,1196,0.841829188637268,22,6,0,2,0,3.0,153.35475584604723,35.931977828136674,0.0065208280922431,1.6698218029350105,95.4,75,3.75,3.76,3.76,3.76,3.72,3.72,3.72,"Usable but not as strong as base/Graphify: good semantics, thinner controller/UI details.",Good inactivity semantics and service/export coverage.,"Less complete on UI binding, controller action details, and implementation sequence.",-20.40000000000001,0.2333333333333333,8,1.0,1.0225367481866614,1.0112683740933308,72.17746325181334,120.56191497330758,28.24841024224581,0.0082944933333333,2.124013333333333,8,1.32160947070834,1.16080473535417,71.87839052929166,33.42370111783712,1.7951333333333332,24.666
inactive-customers-csv,base-default-graphify-code-review-graph,4.7,4.7,4.7,4.7,4.8,4.7,4.71,72,"Very usable concise map of where to add inactive customer CSV export, with an especially useful distinction between disabled accounts and last-activity inactivity.","Good table of integration points; includes controller, model, service query, export manager, response format, GDPR inactivity precedent, and system-account caveat.",Less exhaustive source evidence than the top answers and slightly thinner on existing export action/filter drift details.,3,graphify+crg,everyday,neutral,completed,True,True,1.0,0.3333333333333333,598,1.182751,159.914,109.85,269.764,926370,919781,803072,6589,2518,0.8731121864878705,30,0,8,2,0,4.0,79.6448280322739,20.95164662445693,0.0125557430997876,2.8637367303609342,94.2,72,3.6,3.6,3.6,3.6,3.6,3.64,3.6,"Usable concise map, but strict grading penalizes thinner source evidence and less complete action detail.",Good integration-point table and service/export/resource mentions.,Less exhaustive evidence; less concrete about existing export action and where exactly to add UI.,-22.200000000000003,0.2333333333333333,11,1.9012630066212604,1.7315873932858337,1.816425199953547,66.5171496000929,60.87502779536859,16.013997419967083,0.0164270972222222,3.7467222222222234,11,1.5697542013507144,1.7355086039859873,66.67898279202804,27.01452030466376,2.2210277777777776,109.85
auth-discovery,base-only,4.8,4.8,4.8,4.6,4.6,4.5,4.734999999999999,77,"Excellent broad authentication discovery answer, covering login, registration, password recovery, MFA, external auth, routing, cookie auth, UI, and validators.","Comprehensive candidate paths with reasons; includes RouteProvider, CustomerController, CustomerRegistrationService, CustomerService, CookieAuthenticationService, authentication setup/middleware, ExternalAuthenticationService, MFA plugin machinery, views, and validators.",Mostly a candidate map rather than a workflow narrative; could be more concise and could separate “core required” vs “adjacent/supporting” files more clearly.,3,base,hard_graph_friendly,neutral,validation_failed,True,False,0.8181818181818182,0.6666666666666666,744,0.7986369999999999,136.134,0.0,136.134,551464,545531,468224,5933,805,0.8582903629674574,61,0,0,0,0,3.0,118.5770256073786,41.7382872757724,0.0084333368532206,1.4375290390707496,94.7,77,3.85,3.88,3.88,3.88,3.79,3.79,3.74,"Good broad auth map, but strict scoring penalizes candidate-map format and limited workflow narrative/uncertainty separation.","Covers login, registration, password recovery, MFA, external auth and important files.",More of a file inventory than a verified flow map; long and not sharply prioritized.,-17.700000000000003,0.0999999999999999,7,1.0,1.0,1.0,74.55,96.4142658053659,33.93715016087091,0.010371909090909,1.7679740259740258,7,1.1871391945863925,1.0935695972931962,74.3628608054136,33.93715016087091,1.7679740259740258,0.0
auth-discovery,base-default-graphify,4.8,4.9,4.8,4.7,4.7,4.6,4.785,80,"Very strong auth discovery answer. It covers login, registration, password recovery, MFA, external auth, cookie auth, public models/views/validators, factories, settings, and admin auth-method management.",Broad and well grouped; fixes the prior Graphify-plus gap by covering external auth; strong source evidence.,Large candidate map; less explicit uncertainty/caveat separation than ideal.,replacement_default_graphify,graphify,hard_graph_friendly,neutral,validation_failed,True,False,0.7272727272727273,0.5714285714285714,981,0.963774,138.893,86.987,225.88,695586,689454,592768,6132,287,0.8597643932735178,74,0,8,0,0,2.0,99.29713812574316,25.420577297680182,0.0100707836990595,2.360292580982236,95.7,80,4.0,4.01,4.05,4.01,3.96,3.96,3.92,"Strong auth discovery answer with broad coverage and better completeness, but still a large map rather than a concise workflow-level synthesis.","Covers primary auth flows, external auth, MFA, services, models, routes/views.",Large and somewhat undifferentiated; caveats and source-confirmed vs inferred boundaries could be clearer.,-15.700000000000005,0.0999999999999999,4,1.20677354041949,1.6592475061336625,1.4330105232765762,77.73397895344684,83.00701201734016,21.250221356472466,0.012047175,2.8235,4,1.2111987024085669,1.2089861214140285,78.18202775717194,34.55897705427919,1.7361625,86.987
auth-discovery,base-default-code-review-graph,4.7,4.7,4.6,4.5,4.6,4.5,4.629999999999999,72,"Strong source-verified candidate map for customer authentication with good coverage of external auth, MFA, tests, and setup.","Includes core controller/service files, external auth, route/UI/model/validator areas, MFA plugin contracts and concrete Google Authenticator implementation, authentication startup, and relevant tests.",Some entries are directory-level references rather than precise file links; organization is useful but slightly less crisp than the best answer.,3,crg,hard_graph_friendly,neutral,validation_failed,True,False,0.8181818181818182,0.6666666666666666,709,0.798755,114.674,25.271,139.945,581315,576463,495360,4852,659,0.8593092704995811,32,6,0,2,0,4.0,115.9304167110065,39.70131122941155,0.0086258639308855,1.5112850971922247,92.6,72,3.6,3.63,3.63,3.59,3.54,3.59,3.54,"Usable source-verified map, but under strict grading it is less precise and more directory-level than the leaders.",Includes core controller/service and several auth-related areas.,Some references are broad or directory-level; less polished organization and lower precision.,-20.599999999999994,0.0999999999999999,12,1.0001477517320134,1.0279944760309696,1.0140711138814915,67.77185777223701,90.1402808120137,30.8692700703848,0.0110938194444444,1.9436805555555556,12,1.0,1.0000738758660068,67.79985224826798,37.67200934823936,1.5926944444444446,25.271
auth-discovery,base-default-graphify-code-review-graph,4.9,4.9,4.8,4.7,4.8,4.6,4.825000000000001,84,"Best auth discovery answer: complete, precise, and well grouped across primary workflows, infrastructure, password reset, MFA, models/views/validators, and external auth.","Strong line-level reasons for CustomerController and CustomerRegistrationService; includes MFA session state, ForceMultiFactorAuthenticationAttribute, concrete plugin controller/service, model filename typo, and ExternalAuthenticationService.","A few view references are broad globs rather than exact file links, and the answer is somewhat long, but it is highly usable.",3,graphify+crg,hard_graph_friendly,neutral,validation_failed,True,False,0.8333333333333334,0.7142857142857143,961,1.135533,197.818,108.548,306.366,851353,845289,727296,6064,1229,0.8604110546807069,32,0,6,2,0,1.0,84.9821185293602,18.898963984254127,0.0117671813471502,3.174777202072539,96.5,84,4.2,4.23,4.23,4.19,4.14,4.19,4.1,"Best strict answer for auth: complete and well grouped, though still long and with some broad/glob references.",Strong workflow grouping across controller/service/MFA/external auth/routes/views.,Long; a few view references are broad rather than exact; not all uncertainty is explicit.,-12.5,0.0999999999999999,0,1.4218387076982408,2.250473797875623,1.836156252786932,82.32768749442613,73.97407208773326,16.45091165468753,0.0135182499999999,3.6472142857142855,0,1.7250466539930587,1.5734426808456496,82.8531146383087,25.477964593717456,2.3549761904761906,108.548
order-total-impact,base-only,4.9,5.0,4.8,4.6,4.8,4.7,4.835,84,Best calibrated answer for the hard impact case. It combines comprehensive coverage with a direct consumer map and clear risk categories.,"Direct consumer table is highly useful; covers all requested areas plus update-order/admin paths, recursion-sensitive payment/tax relationships, plugins, and tests.",Long answer; some display paths are shortened but most links remain source-backed enough for human use.,2,base,hard_graph_friendly,neutral,validation_failed,True,False,0.8181818181818182,1.0,1722,1.089568,188.618,0.0,188.618,714577,705806,600576,8771,2016,0.8509080398863144,38,0,0,0,0,1.0,88.75077094775179,30.760584885853948,0.0112675077559462,1.9505480868665976,96.7,84,4.2,4.23,4.27,4.18,4.09,4.18,4.14,"Best strict answer for impact: comprehensive and directly useful, though length keeps it below exceptional.","Direct consumer table, contract/implementation/service/plugin/test surface, useful prioritization.",Long and dense; some shortened display paths; could separate highest-risk changes more sharply.,-12.700000000000005,0.0999999999999999,0,1.2595317308203613,1.0,1.1297658654101808,83.74046826917964,77.09477517695086,26.72067353062804,0.0129710476190476,2.245452380952381,0,1.1993870102122572,1.2294593705163093,83.54108125896738,26.72067353062804,2.245452380952381,0.0
order-total-impact,base-default-graphify,4.8,4.9,4.8,4.7,4.7,4.6,4.785,78,"Excellent impact analysis. It covers the contract, implementation, DI, OrderProcessingService, checkout/cart UI, payment plugins, discount/tax providers, other plugins, and tests with verified source references.",Broad affected-surface map; strong requested areas; useful plugin/test coverage; direct relationship evidence plus verification.,Some sections are dense and less risk-prioritized than the best base answer; caveats are limited.,replacement_default_graphify,graphify,hard_graph_friendly,neutral,validation_failed,True,False,0.8181818181818182,1.0,807,0.865058,170.024,83.484,253.508,519048,512638,420096,6410,845,0.8194788525236132,64,0,20,0,0,2.0,110.6284202908938,22.650172775612603,0.0090392685475444,2.6489864158829675,95.7,78,3.9,3.91,3.95,3.91,3.86,3.86,3.82,"Good impact map, but strict scoring penalizes density, weaker prioritization, and limited caveats.","Covers contract, DI, order processing, checkout/payment/discount/tax/plugins/tests.",Dense affected-surface list; not as risk-prioritized as base; limited caveats.,-17.700000000000003,0.0999999999999999,6,1.0,1.3440286717068362,1.172014335853418,75.55597132829317,90.167364500415,18.46095586727046,0.0110904871794871,3.2501025641025643,6,1.0811511999084331,1.0405755999542166,75.81884880009157,27.525525808121206,2.1797948717948716,83.484
order-total-impact,base-default-code-review-graph,4.6,4.6,4.8,4.2,4.4,4.3,4.545,70,"Strong impact analysis with broad coverage of checkout, payment, discount, tax, plugins, and tests. Source grounding is excellent; organization is good but less crisp than the best answers.","Very good relationship evidence; covers plugin cycles, recursion risks, direct/indirect consumers, and test suites.",Slightly verbose and less structured for prioritization; misses a few useful direct-consumer framing details present in stronger answers.,2,crg,hard_graph_friendly,neutral,validation_failed,True,False,0.8181818181818182,1.0,1393,1.252809,182.365,25.039,207.404,944769,937629,811008,7140,1443,0.8649561820293528,42,6,0,2,0,4.0,72.55695002191077,26.29650344255656,0.0137822772277227,2.2816721672167213,90.9,70,3.5,3.52,3.52,3.61,3.34,3.43,3.39,"Usable but not strong enough: relationship evidence is useful, but prioritization and direct-consumer framing lag behind.",Good relationship-style coverage of checkout/payment/plugins/tax/discount/tests.,Verbose; less structured; misses useful direct-consumer framing and priority ranking.,-20.90000000000001,0.0999999999999999,14,1.4482369968256465,1.099598129552853,1.27391756318925,64.55216487362149,55.87443896076736,20.25033268403695,0.0178972714285714,2.9629142857142856,14,1.1596253386069109,1.3039311677162786,64.49213766456744,23.030735064294134,2.6052142857142857,25.039
order-total-impact,base-default-graphify-code-review-graph,4.8,4.9,4.9,4.5,4.7,4.6,4.775,79,Excellent broad impact map with strong relationship evidence and a useful architecture diagram. Very close to the best answer; slightly more tool/process-flavored at the end.,"Strong coverage of contract, order processing, checkout, payment plugins, discount, tax providers, directly coupled plugins, and tests; excellent source references.",Still quite long; final Graphify note is not needed for the user task and could be removed in a polished report.,2,graphify+crg,hard_graph_friendly,neutral,validation_failed,True,False,0.8333333333333334,1.0,1541,1.070601,157.262,108.48,265.742,805909,798837,696832,7072,1368,0.8723081179264356,30,0,6,2,0,3.0,89.2022331382093,21.56226716138209,0.0112104816753926,2.7826387434554976,95.5,79,3.95,3.96,4.01,4.01,3.83,3.92,3.87,Strong broad map but not clearly better than base; strict grading penalizes length and unnecessary tool/method note.,Good contract/order-processing/checkout/payment/discount/tax/test coverage.,Long; Graphify note is irrelevant; not clearly more actionable than base.,-16.5,0.0999999999999999,5,1.2376060333526768,1.4088899256698726,1.3232479795112746,76.60350404097746,73.79032898344015,17.836849274860576,0.013551911392405,3.363822784810127,5,1.0,1.1188030166763383,77.01239396664732,30.14078416909361,1.9906582278481013,108.48
cart-to-order-flow,base-only,4.9,4.9,4.9,4.7,4.8,4.7,4.8500000000000005,82,"Excellent cart-to-order trace with detailed source-backed evidence from route/controller entry through cart persistence, checkout, order header/item persistence, and cart cleanup.","Very strong call chain; includes route entries, ShoppingCartController actions, AddToCartAsync persistence, checkout convergence, PlaceOrderAsync sequence, SaveOrderDetailsAsync, MoveShoppingCartItemsToOrderItemsAsync, OrderService persistence, OrderItem mapping, and ClearShoppingCartAsync.","Long and dense; could benefit from a shorter top-level sequence before details, but content quality is very high.",3,base,hard_graph_friendly,neutral,validation_failed,True,False,0.8571428571428571,0.4285714285714285,966,0.8587800000000001,135.827,0.0,135.827,411152,405348,298240,5804,1165,0.7357628506863239,34,0,0,0,0,2.0,112.95093038962248,42.84862361680667,0.0088534020618556,1.400278350515464,97.0,82,4.1,4.12,4.12,4.12,4.03,4.08,4.03,"Strong flow trace with detailed source evidence, but strict grading penalizes density and lack of concise executive sequence.","Detailed chain from route/controller to cart service, checkout, PlaceOrderAsync, post-processing and cleanup.",Long and dense; could better isolate the minimal flow from supporting detail.,-15.0,0.0999999999999999,5,1.0,1.0,1.0,80.25,95.48429166957776,36.22254779977471,0.0104729268292682,1.6564268292682929,5,1.0801695481367202,1.04008477406836,80.16983045186328,36.22254779977471,1.6564268292682927,0.0
cart-to-order-flow,base-default-graphify,5.0,5.0,4.9,4.8,4.9,4.7,4.925,87,"Outstanding cart-to-order trace. It preserves the sequence from route/controller entry through cart persistence, checkout, PlaceOrderAsync, order/order-item persistence, event publication, and cart cleanup.",Complete source-backed flow; very clear sequence; excellent conversion point from ShoppingCartItem to OrderItem; includes DI confirmation.,"Could add a few more explicit uncertainty/caveat notes, but the flow answer is otherwise near-final.",replacement_default_graphify,graphify,hard_graph_friendly,neutral,validation_failed,True,False,0.8571428571428571,0.4285714285714285,791,0.983283,125.746,85.491,211.237,510671,504999,380416,5672,248,0.7533005015851516,64,0,12,0,0,1.0,100.17461910762212,27.97805308729058,0.0099825685279187,2.14453807106599,98.5,87,4.35,4.38,4.38,4.34,4.29,4.34,4.25,"Best strict answer overall: clear source-backed cart-to-order sequence, excellent transition point, still not perfect because caveats are limited.",Clear sequence from add-to-cart through checkout/order creation; strong ShoppingCartItem-to-OrderItem conversion explanation.,Could add more explicit uncertainty/caveat notes and distinguish core vs side-effect paths.,-11.5,0.0999999999999999,0,1.144976594704115,1.5551915304026445,1.3500840625533796,86.29983187489324,88.47910520165608,24.711579884205893,0.0113021034482758,2.428011494252873,0,1.0,1.0724882973520575,86.85502340529588,41.51225486297775,1.4453563218390804,85.491
cart-to-order-flow,base-default-code-review-graph,4.6,4.6,4.7,4.5,4.5,4.6,4.594999999999999,66,"Strong source-verified flow answer, but slightly less complete and less precise than the best cart-flow traces.","Covers all required core files and stages: cart mutation, checkout entry, confirmation, PlaceOrderAsync, order persistence, order items, and cart cleanup; transparently notes fallback to source verification when graph MCP was unavailable.","Less detail on routes, post-processing, mapping/foreign-key evidence, and side effects; final MCP-unavailable note is honest but highlights a process issue.",3,crg,hard_graph_friendly,neutral,validation_failed,True,False,0.8571428571428571,0.5714285714285714,802,0.954484,133.322,23.716,157.038,737085,731906,635648,5179,965,0.8684831112192003,30,0,0,2,0,4.0,96.2823892281065,35.11252053643067,0.0103861153427638,1.708792165397171,91.9,66,3.3,3.3,3.3,3.35,3.26,3.26,3.3,"Weakest strict flow answer: it is usable, but the CRG advantage did not materialize and the answer itself is less complete.",Covers main required files and broad flow stages.,Less route/post-processing/persistence detail; final note about graph MCP cancellation undermines the run; weaker evidence depth.,-25.90000000000001,0.0999999999999999,21,1.1114418128042105,1.1561618823945166,1.1338018475993636,58.38239630480127,69.14730891245951,25.21682650059221,0.0144618787878787,2.379363636363637,21,1.0602484373260384,1.0858451250651244,58.478309749869744,29.702524714600738,2.0200303030303033,23.716
cart-to-order-flow,base-default-graphify-code-review-graph,4.7,4.7,4.7,4.6,4.6,4.6,4.67,74,"Solid concise flow trace that covers the full required path, but it is not as rich as the best base/Graphify traces for this hard case.","Good sequence from add-to-cart through checkout, PlaceOrderAsync, SaveOrderDetailsAsync, MoveShoppingCartItemsToOrderItemsAsync, InsertOrderItemAsync, and ClearShoppingCartAsync; clearly explains bulk cleanup vs per-item deletion.","Less exhaustive around routes, payment request details, post-processing, events, and persistence/mapping evidence than the strongest answers.",3,graphify+crg,hard_graph_friendly,neutral,validation_failed,True,False,0.8666666666666667,0.625,888,0.949936,160.716,109.223,269.939,929025,922142,859392,6883,2021,0.9319519119614984,30,0,6,2,0,3.0,98.32241329942228,20.7602458333179,0.0101706209850107,2.8901391862955035,93.4,74,3.7,3.71,3.71,3.71,3.67,3.67,3.67,"Solid but not top-tier: covers the required flow, but lacks richness and precision compared with base/Graphify.","Good high-level sequence through add-to-cart, checkout, PlaceOrderAsync, SaveOrderDetailsAsync, cleanup.","Less detail on routes, payment request, post-processing, events, persistence; not enough evidence of combined-tool value.",-19.40000000000001,0.0999999999999999,13,1.106145927944293,1.9873736444153227,1.5467597861798077,68.35648042764039,77.89998484108403,16.44816051033752,0.0128369729729729,3.6478243243243247,13,1.278100297424968,1.1921231126846306,69.06575377463074,27.626371985365488,2.171837837837838,109.223
